{"mass":0.307,"centerOfMass":[0,0,0.04],"transformation": [ 0.258819, -0.965926,  0      ,  0      ,  0.965926,  0.258819, 0      ,  0      ,  0      ,  0      ,  1      ,  0      , 0.035043, -0.124651,  0.175541,  1      ],"inertia":[0.00122,0,0,0,0.00122,0,0,0,0.0055],"collisionModel":{"pointA":[0.03535533905932738,0.03535533905932738,0.04,0.03535533905932738,0.03535533905932738,0.1,0,0,0],"pointB":[-0.03535533905932738,-0.03535533905932738,0.04,-0.03535533905932738,-0.03535533905932738,0.1,0,0,0],"radius":[0.04,0.02,0]}}
