{"mass":0.55,"centerOfMass":[0,0,0.025],"transformation":[-0.2588,-0.966,0,0,0.966,-0.2588,0,0,0,0,1,0,0,0,0.272,1],"inertia":[0.001,0,0,0,0.0025,0,0,0,0.0017],"collisionModel":{"pointA":[0.03535533905932738,0.03535533905932738,0.04,0.03535533905932738,0.03535533905932738,0.1,0,0,0],"pointB":[-0.03535533905932738,-0.03535533905932738,0.04,-0.03535533905932738,-0.03535533905932738,0.1,0,0,0],"radius":[0.04,0.02,0]}}
