{"mass":0.52,"centerOfMass":[0.039,-0.0225,0.07],"transformation":[0.154,0.988,0,0,-0.988,0.154,0,0,0,0,1,0,0.0463,-0.02675,0.185,1],"inertia":[0.001,0,0,0,0.0025,0,0,0,0.0017],"collisionModel":{"pointA":[0.03535533905932738,0.03535533905932738,0.04,0.03535533905932738,0.03535533905932738,0.1,0,0,0],"pointB":[-0.03535533905932738,-0.03535533905932738,0.04,-0.03535533905932738,-0.03535533905932738,0.1,0,0,0],"radius":[0.04,0.02,0]}}
