{"mass":0.327,"centerOfMass":[0.045,0, 0.08],"transformation":[0.08715574274765814, -0.9961946980917455, 0, 0, 0.9961946980917455, 0.08715574274765814, 0, 0, 0, 0, 1, 0, 0.134, 0, 0.18, 1],"inertia":[0.001,0,0,0,0.0025,0,0,0,0.0017],"collisionModel":{"pointA":[0.03535533905932738,0.03535533905932738,0.04,0.03535533905932738,0.03535533905932738,0.1,0,0,0],"pointB":[-0.03535533905932738,-0.03535533905932738,0.04,-0.03535533905932738,-0.03535533905932738,0.1,0,0,0],"radius":[0.04,0.02,0]}}
