{"mass":0.24,"centerOfMass":[-0.015,-0.026,0.04],"transformation":[-0.5,-0.866,0,0,0.866,-0.5,0,0,0,0,1,0,-0.0575,-0.1,0.095,1],"inertia":[0.001,0,0,0,0.0025,0,0,0,0.0017],"collisionModel":{"pointA":[0.03535533905932738,0.03535533905932738,0.04,0.03535533905932738,0.03535533905932738,0.1,0,0,0],"pointB":[-0.03535533905932738,-0.03535533905932738,0.04,-0.03535533905932738,-0.03535533905932738,0.1,0,0,0],"radius":[0.04,0.02,0]}}
