{"mass":0.307,"centerOfMass":[0,0,0.04],"transformation": [ 0.258572706721188, -0.9650064789340802, 0.043619387365336, 0.0, 0.9640112102613413, 0.2606694182966288, 0.052286144009298964, 0.0, -0.061826708058431296, 0.028529808624417556, 0.997679060715675, 0.0, 0.035043, -0.124651, 0.175541, 1.0],"inertia":[0.00122,0,0,0,0.00122,0,0,0,0.0055],"collisionModel":{"pointA":[0.03535533905932738,0.03535533905932738,0.04,0.03535533905932738,0.03535533905932738,0.1,0,0,0],"pointB":[-0.03535533905932738,-0.03535533905932738,0.04,-0.03535533905932738,-0.03535533905932738,0.1,0,0,0],"radius":[0.04,0.02,0]}}
