{
  "example_table_name": {
    "example_robot_name" : {
      "initial_q": [0]
    }
  },
  "table_cnc": {
    "panda_1": {
      "initial_q": [
        0.009577953948655672,
        -0.9325043434006577,
        -0.18883389684856788,
        -2.574636596345065,
        -0.15157004197732526,
        1.6377422404827606,
        1.881703032917854
    ]
    },
    "panda_2": {
      "initial_q": [
        0.7935602040340013,
        -0.5443502389589945,
        0.40199795904912444,
        -2.1636231877634913,
        0.2203268232249919,
        1.621547990163397,
        0.9034871164138119
    ]
    }
  },
  "table_vision": {
    "panda_1": {
      "initial_q": [
        1.101074275560546,
        -0.2722597482120278,
        0.3095560973819933,
        -2.106858636086447,
        0.08692567125904727,
        1.8376191941897075,
        2.2345776054995756
    ]
    },
    "panda_2": {
      "initial_q": [
        -0.2578186437989536,
        -0.36725645385255307,
        0.19686122346970072,
        -2.001049594618511,
        0.09405235882600149,
        1.686304412206014,
        0.9107467110132178
    ]
    }
  },
  "table_vise": {
    "panda_2": {
      "initial_q": [
        -1.0457935816394488,
        -0.5614789937932202,
        -0.09585323386966137,
        -2.3176607950110184,
        -0.04184823325999452,
        1.775807187080383,
        1.29425844899565
    ]
  }
  },
  "table_cutter": {
    "panda_2": {
      "initial_q": [
        -1.1960192096902613,
        0.4071885255596094,
        0.39032434444838154,
        -1.0116652893044078,
        -0.1106854607608888,
        1.572406250953674,
        2.866592784639862
      ]
    }
  },
  "table_drop_waste": {
    "panda_2": {
      "initial_q": [
        -1.0457935816394488,
        -0.5614789937932202,
        -0.09585323386966137,
        -2.3176607950110184,
        -0.04184823325999452,
        1.775807187080383,
        1.29425844899565
      ]
    }
  }
}