{
  "example_table_name": {
    "example_robot_name" : {
      "initial_q": [0],
      "final_x": [0]
    }
  },
  "table_cnc": {
    "default": {
      "panda_2": {
        "initial_q": [1.3098202525070233,-0.5892040817753124,-0.12905068012466778,-2.260760692986392,-0.07190256026405543,1.6756157788565138,0.4244229040846642],
        "final_x": [0.157, 0.38, 0.34886717]
      }
    },
    "chuck_fumonic": {
      "panda_2": {
        "initial_q": [1.3098202525070233,-0.5892040817753124,-0.12905068012466778,-2.260760692986392,-0.07190256026405543,1.6756157788565138,0.4244229040846642],
        "final_x": [ 0.157 ,  0.68 ,  0.33,  0 ,  0.70710678, 0.70710678, -0 ]
      }
    }
  },
  "table_vise": {
    "default": {
      "panda_2": {
        "final_x": [ 0 , -0.55 ,  0.32272514,  0 ,  0.70710678, -0.70710678,  0]
      }
    }
  },
  "table_cutter": {
    "default": {
      "panda_2": {
        "final_x": [ 0.49696546, -0.34155933,  0.30288325,  0 , -1 ,-0 , -0 ]
      }
    }
  }
}