{
  "table_vise": {
    "base_frame": "table_vise",
    "kalo": {
      "vsgripper": {
        "dT": [[-0.06385452, -0.99795807,  0.00151358,  0.320],
        [-0.99046222,  0.0635603 ,  0.12224847,  0.26562986],
        [-0.12209505,  0.00630698, -0.99249837,  0.13709244],
        [ 0       ,  0      ,  0       ,  1       ]]
      } 
    }
  },
  "table_cnc": {
    "base_frame": "table_cnc",
    "smoke_detector": {
      "three_jaw_chuck": {
        "dT": [[-0.97084515,  0.23969066,  0.00284261,  0.12217201],
        [ 0.23963077,  0.97076615, -0.01379062,  0.10376101],
        [-0.00606499, -0.01270738, -0.99990086,  0.15689492],
        [ 0       ,  0        ,  0        ,  1        ]]
      } 
    },
    "fumonic": {
      "three_jaw_chuck": {
        "dT": [[-0.99952371, -0.01062413, -0.02897372, -0.13563293],
        [-0.01071682,  0.99993793,  0.0030459 ,  0.10368866],
        [ 0.02893956,  0.00335496, -0.99957553,  0.1526262],
        [ 0        ,  0        ,  0        ,  1        ]]
      } 
    }
  },
  "battery_covered": {
    "vsgripper": {
      "dT_grip": 
      [[ 0        ,  1        , -0        ,  -0.01      ],
      [ 0.96592583, -0        , -0.25881905,  0.02         ],
      [-0.25881905,  0        , -0.96592583, -0.01      ],
      [ 0        ,  0        ,  0         ,  1         ]],
      "dT_grip_old": [[ 0.981198, -0.104132, -0.162505,  0.03],
      [-0.096378, -0.993829,  0.054911, 0],
      [-0.16722 , -0.038217, -0.985179, -0.01],
      [ 0      ,  0      ,  0      ,  1      ]]
    }
  },
  "firealarm_back": {
    "three_jaw_chuck": {
      "dT_grip": [[0, -1, 0, 0],
      [-1, 0, 0,  0],
      [0,0,-1,  0.055],
      [ 0        ,  0        ,  0        ,  1        ]]
    }
  },
  "smoke_detector": {
    "three_jaw_chuck": {
      "dT_grip": [[0, -1, 0, 0],
      [-1, 0, 0,  0],
      [0,0,-1,  0.020],
      [ 0        ,  0        ,  0        ,  1        ]]
    }
  },
  "firealarm_front": {
    "three_jaw_chuck": {
      "dT_grip": [[0, -1, 0, 0],
      [-1, 0, 0,  0],
      [0,0,-1,  0.058],
      [ 0        ,  0        ,  0        ,  1        ]]
    }
  },
  "battery": {
    "vsgripper": {
      "dT_grip": [[ 0.99693227, -0.06369828,  0.04548109, -0.00038142],
      [-0.07711224, -0.89887995,  0.4313567,  -0.02518988],
      [ 0.01340535, -0.43354055, -0.90103436,  0.00045775],
      [ 0.0,          0.0,          0.0,          1.0        ]]
    }
  },
  "hca_qundis": {
    "softhand": {
      "dT_grip": [
          [0.906308, 0.422618, 0, 0.01],
          [-0.422618, 0.906308, 0, 0.05],
          [0, 0, 1, 0],
          [0, 0, 0, 1]
        ],
      "dT_vise_drop": [
          [ 0.984808, 0.173648, 0, 0],
          [-0.173648,  0.984808, 0, 0],
          [0, 0, 1, 0],
          [0, 0, 0, 1]
        ]
    },
    "vsgripper": {
      "dT_grip": [
          [0, 0, 1, 0.015],
          [0, 1, 0, 0.04],
          [-1, 0, 0, 0],
          [0, 0, 0, 1]
        ]
    }
  },
  "hca_kalo": {
    "softhand": {
      "dT_grip": [
          [0.906308, 0.422618, 0, 0],
          [-0.422618, 0.906308, 0, 0],
          [0, 0, 1, 0],
          [0, 0, 0, 1]
        ],
      "dT_vise_drop": [
          [ 0.984808, 0.173648, 0, 0],
          [-0.173648,  0.984808, 0, 0],
          [0, 0, 1, 0],
          [0, 0, 0, 1]
        ]
    },
    "vsgripper": {
      "dT_grip": [
          [1, 0, 0, 0],
          [0, 0, 1, 0],
          [0, -1, 0, 0],
          [0, 0, 0, 1]
        ]
    }
  },
  "smoke": {
    "softhand": {
      "dT_grip": [
          [0, 0, 0, 1],
          [0, 1, 0, 0],
          [0, 0, 1, 0],
          [0, 0, 0, 1]
        ]
    },
    "vsgripper": {
      "dT_grip": [
          [1, 0, 0, 0],
          [0, 0, 1, 0],
          [0, -1, 0, 0],
          [0, 0, 0, 1]
        ]
    }
  },
  "hca": {
    "vsgripper": {
      "dT_grip":[[ 0.04847128, -0.99799148,  0.04078659,  0.00918479],
      [-0.96791773, -0.03685272,  0.24855008, -0.03293873],
      [-0.24654776, -0.05152561, -0.96775995,  0.00591661],
      [ 0        ,  0        ,  0        ,  1        ]]
    }
  }
}

