{"mass":0.77,"centerOfMass":[0,0,0.015],"transformation":[0.7071068,-0.7071068,0,0,0.7071068,0.7071068,0,0,0,0,1,0,0,0,0.037,1],"inertia":[0.001,0,0,0,0.001,0,0,0,0.001],"collisionModel":{"pointA":[0,0.005,0,0,0,0,0,0,0],"pointB":[0,-0.005,0,0,0,0,0,0,0],"radius":[0.005,0,0]}}