{"mass":0.281,"centerOfMass":[0,0,0.05],"transformation": [ 0.25881905, -0.96592583, -0,  0,  0.96592583, 0.25881905,  0,  0,  0 , -0, 1 ,  0 , -0.005 ,  0.002,  0.134, 1],"inertia":[0.00122,0,0,0,0.00122,0,0,0,0.0055],"collisionModel":{"pointA":[0.03535533905932738,0.03535533905932738,0.04,0.03535533905932738,0.03535533905932738,0.1,0,0,0],"pointB":[-0.03535533905932738,-0.03535533905932738,0.04,-0.03535533905932738,-0.03535533905932738,0.1,0,0,0],"radius":[0.04,0.02,0]}}
