{"mass":1.792,"centerOfMass":[0,0,0.08],"transformation":[1,0,0,0,0,1,0,0,0,0,1,0,0,0,0.152,1],"inertia":[0.00122,0,0,0,0.00122,0,0,0,0.0055],"collisionModel":{"pointA":[0.03535533905932738,0.03535533905932738,0.04,0.03535533905932738,0.03535533905932738,0.1,0,0,0],"pointB":[-0.03535533905932738,-0.03535533905932738,0.04,-0.03535533905932738,-0.03535533905932738,0.1,0,0,0],"radius":[0.04,0.02,0]}}
